id_venta,fecha,id_producto,cantidad,precio_unitario,id_geografia
1,2025-01-15,1,10,12.5,1
2,2025-01-15,2,5,18.9,1
3,2025-01-16,1,8,12.5,2
4,2025-01-16,3,15,7.5,2
5,2025-01-17,4,3,22.0,3
6,2025-01-17,5,20,8.5,3
7,2025-01-18,2,7,18.9,4
8,2025-01-18,3,12,7.5,4
9,2025-01-19,1,6,12.5,5
10,2025-01-19,4,4,22.0,5
11,2023-09-29,5,15,12.5,4
12,2024-09-15,2,1,12.5,4
13,2025-01-17,2,4,12.5,5
14,2023-06-10,1,4,12.5,1
15,2025-11-12,3,14,12.5,3
16,2024-09-16,3,20,12.5,4
17,2026-02-14,1,6,12.5,5
18,2024-09-20,5,2,12.5,4
19,2026-02-22,3,19,12.5,5
20,2024-07-20,5,15,12.5,3
21,2025-12-31,2,15,12.5,4
22,2023-08-11,3,6,12.5,5
23,2025-05-24,4,4,12.5,3
24,2023-09-10,2,13,12.5,5
25,2025-06-24,4,5,12.5,3
26,2025-08-01,1,7,12.5,5
27,2023-06-17,3,10,12.5,2
28,2024-11-21,5,14,12.5,3
29,2024-11-16,5,1,12.5,5
30,2023-12-01,4,5,12.5,2
31,2024-09-16,1,7,12.5,4
32,2024-03-18,1,11,12.5,1
33,2023-11-06,3,3,12.5,3
34,2024-03-13,3,6,12.5,1
35,2023-06-24,2,8,12.5,3
36,2023-09-19,2,1,12.5,2
37,2025-03-18,4,19,12.5,5
38,2024-08-24,1,7,12.5,5
39,2023-11-10,1,15,12.5,3
40,2024-11-17,2,3,12.5,3
41,2025-01-02,2,12,12.5,2
42,2023-09-03,5,14,12.5,1
43,2023-12-22,1,12,12.5,3
44,2026-01-26,3,20,12.5,3
45,2024-09-15,4,7,12.5,3
46,2024-03-04,4,8,12.5,5
47,2024-11-30,1,13,12.5,2
48,2026-03-26,5,10,12.5,5
49,2026-02-27,3,7,12.5,1
50,2025-09-28,2,14,12.5,2
51,2024-02-27,3,10,12.5,3
52,2023-07-05,4,17,12.5,1
53,2023-10-14,5,1,12.5,2
54,2025-06-07,1,5,12.5,4
55,2024-12-31,4,20,12.5,1
56,2026-02-28,3,9,12.5,5
57,2025-03-25,4,9,12.5,3
58,2025-07-09,4,11,12.5,2
59,2024-01-21,2,9,12.5,2
60,2024-05-13,3,10,12.5,1
61,2025-09-04,1,9,12.5,5
62,2023-12-24,3,2,12.5,3
63,2023-04-20,5,19,12.5,3
64,2024-06-28,4,18,12.5,5
65,2024-02-23,3,7,12.5,4
66,2025-06-28,5,1,12.5,3
67,2024-01-08,2,12,12.5,2
68,2025-05-19,1,7,12.5,3
69,2025-12-11,2,13,12.5,1
70,2023-10-12,4,17,12.5,5
71,2025-02-04,3,19,12.5,3
72,2025-08-12,2,11,12.5,5
73,2025-03-25,1,14,12.5,3
74,2025-12-11,4,2,12.5,4
75,2025-11-03,1,12,12.5,4
76,2024-11-13,4,4,12.5,1
77,2025-12-15,2,18,12.5,2
78,2025-05-20,1,1,12.5,1
79,2025-11-17,2,10,12.5,1
80,2024-06-24,5,17,12.5,5
81,2023-09-14,5,11,12.5,5
82,2026-02-26,5,13,12.5,4
83,2023-10-30,2,12,12.5,4
84,2024-12-08,3,11,12.5,1
85,2025-12-14,3,17,12.5,1
86,2024-11-23,5,5,12.5,4
87,2025-10-19,2,1,12.5,2
88,2023-09-17,3,18,12.5,3
89,2024-08-29,2,1,12.5,3
90,2024-04-26,5,16,12.5,5
91,2025-06-22,1,7,12.5,1
92,2025-05-29,5,11,12.5,3
93,2023-05-23,1,12,12.5,1
94,2025-01-28,2,4,12.5,3
95,2024-04-05,4,20,12.5,1
96,2025-01-01,3,7,12.5,5
97,2025-04-07,3,14,12.5,2
98,2023-05-06,4,13,12.5,4
99,2025-04-15,4,6,12.5,1
100,2024-04-13,1,8,12.5,3
101,2023-08-02,2,11,12.5,2
102,2024-01-10,2,3,12.5,2
103,2024-09-05,4,10,12.5,3
104,2025-08-14,5,12,12.5,2
105,2023-05-11,3,19,12.5,4
106,2023-12-07,4,15,12.5,2
107,2026-02-14,2,10,12.5,1
108,2023-08-25,3,2,12.5,3
109,2025-10-19,5,10,12.5,5
110,2026-03-06,2,15,12.5,4
111,2024-07-10,4,8,12.5,1
112,2023-06-23,5,11,12.5,4
113,2023-11-25,4,13,12.5,1
114,2023-06-29,5,8,12.5,1
115,2025-03-30,1,8,12.5,1
116,2023-11-13,4,20,12.5,5
117,2025-11-25,4,4,12.5,3
118,2025-01-20,1,1,12.5,1
119,2024-12-15,3,18,12.5,3
120,2026-02-18,3,10,12.5,2
121,2024-01-15,5,18,12.5,4
122,2025-01-21,5,17,12.5,5
123,2026-01-30,5,7,12.5,4
124,2023-04-14,2,7,12.5,1
125,2023-10-29,3,20,12.5,5
126,2024-10-06,2,4,12.5,3
127,2026-03-15,5,16,12.5,5
128,2025-07-19,5,4,12.5,1
129,2025-11-15,1,13,12.5,5
130,2024-09-19,3,6,12.5,1
131,2024-09-27,3,7,12.5,1
132,2024-12-09,1,18,12.5,3
133,2024-11-28,2,5,18.9,2
134,2025-07-25,4,3,18.9,5
135,2026-02-23,5,18,18.9,3
136,2026-01-31,4,10,18.9,2
137,2023-11-11,4,8,18.9,5
138,2024-10-18,1,7,18.9,4
139,2024-06-03,2,5,18.9,4
140,2024-08-13,5,10,18.9,3
141,2025-12-10,3,13,18.9,3
142,2024-09-28,2,7,18.9,1
143,2023-08-07,3,18,18.9,2
144,2025-08-18,1,4,18.9,3
145,2024-06-27,4,9,18.9,1
146,2025-01-19,4,9,18.9,3
147,2025-12-05,4,20,18.9,4
148,2024-10-01,2,15,18.9,3
149,2025-01-14,4,16,18.9,5
150,2025-07-23,2,8,18.9,1
151,2023-12-06,5,19,18.9,1
152,2023-08-01,3,16,18.9,1
153,2024-03-20,5,6,18.9,4
154,2026-02-22,1,10,18.9,1
155,2025-08-18,3,7,18.9,1
156,2024-05-04,2,15,18.9,3
157,2023-10-18,2,2,18.9,2
158,2024-04-02,4,14,18.9,5
159,2025-03-20,1,5,18.9,4
160,2026-03-03,5,17,18.9,3
161,2025-12-26,4,9,18.9,2
162,2023-06-26,4,11,18.9,2
163,2025-09-01,1,5,18.9,2
164,2025-12-01,2,7,18.9,1
165,2026-03-09,3,1,18.9,5
166,2026-03-20,3,17,18.9,4
167,2023-05-15,5,15,18.9,5
168,2025-07-05,2,12,18.9,1
169,2024-08-19,1,8,18.9,2
170,2023-08-10,3,5,18.9,2
171,2024-05-18,3,10,18.9,1
172,2024-12-02,5,20,18.9,4
173,2023-07-27,5,3,18.9,2
174,2024-07-16,1,1,18.9,1
175,2023-09-23,2,1,18.9,3
176,2024-03-21,4,15,18.9,1
177,2025-04-29,3,14,18.9,3
178,2023-08-27,1,13,18.9,5
179,2024-12-06,2,10,18.9,2
180,2025-10-28,2,5,18.9,3
181,2024-08-06,5,3,18.9,1
182,2024-09-05,4,1,18.9,4
183,2024-09-03,1,5,18.9,2
184,2025-04-15,5,12,18.9,1
185,2025-11-07,5,1,18.9,5
186,2024-07-31,2,20,18.9,5
187,2025-11-07,4,5,18.9,5
188,2024-02-22,5,12,18.9,5
189,2025-04-06,1,4,18.9,4
190,2026-01-02,4,14,18.9,4
191,2024-03-13,4,15,18.9,1
192,2024-03-10,5,17,18.9,3
193,2025-11-24,4,20,18.9,5
194,2025-04-19,4,17,18.9,2
195,2025-02-18,1,9,18.9,5
196,2023-10-01,1,3,18.9,1
197,2023-09-08,5,3,18.9,1
198,2023-08-05,5,7,18.9,4
199,2025-05-09,1,8,18.9,1
200,2023-05-19,5,16,18.9,5
201,2025-08-29,3,18,18.9,3
202,2023-11-16,4,19,18.9,3
203,2024-09-03,1,11,18.9,1
204,2023-11-24,5,11,18.9,2
205,2025-07-15,5,9,18.9,2
206,2025-06-15,3,2,18.9,2
207,2025-07-31,1,17,18.9,5
208,2026-01-25,5,15,18.9,2
209,2024-05-10,2,9,18.9,3
210,2024-04-08,2,6,18.9,2
211,2025-01-07,1,12,18.9,3
212,2025-12-30,1,6,18.9,2
213,2025-09-02,5,10,18.9,5
214,2026-02-24,1,20,18.9,2
215,2024-08-22,4,17,18.9,1
216,2025-09-27,3,11,18.9,5
217,2023-10-27,5,10,18.9,5
218,2026-03-16,1,11,18.9,3
219,2024-06-25,1,4,18.9,5
220,2023-04-03,5,18,18.9,1
221,2025-12-10,2,16,18.9,1
222,2025-06-12,3,5,18.9,3
223,2023-06-30,3,7,18.9,1
224,2024-02-26,2,6,18.9,3
225,2024-01-06,1,9,18.9,5
226,2024-09-05,3,15,18.9,5
227,2024-03-08,4,6,18.9,2
228,2023-11-08,2,10,18.9,3
229,2024-07-16,3,16,18.9,3
230,2025-06-07,4,20,18.9,4
231,2026-03-31,3,6,18.9,3
232,2025-01-08,4,7,18.9,3
233,2025-07-07,5,20,18.9,2
234,2023-10-13,5,19,18.9,2
235,2026-01-31,5,15,18.9,1
236,2023-11-29,4,3,18.9,5
237,2025-11-11,4,3,18.9,2
238,2025-04-11,5,2,18.9,2
239,2024-12-27,1,1,18.9,2
240,2025-12-04,1,7,18.9,3
241,2023-10-19,4,16,18.9,5
242,2025-06-14,4,5,18.9,3
243,2025-01-25,5,16,18.9,1
244,2024-08-10,3,9,18.9,4
245,2025-01-08,5,6,18.9,1
246,2024-08-17,4,16,18.9,4
247,2025-07-12,2,8,18.9,1
248,2024-01-28,4,15,18.9,3
249,2023-09-22,4,2,18.9,1
250,2025-07-24,3,2,18.9,2
251,2024-04-22,2,12,18.9,1
252,2023-04-06,3,13,18.9,1
253,2025-08-31,4,18,18.9,5
254,2024-05-17,2,4,18.9,1
255,2025-04-23,5,8,7.5,5
256,2026-01-18,4,18,7.5,2
257,2025-09-14,4,10,7.5,1
258,2024-05-15,5,16,7.5,3
259,2025-08-29,3,20,7.5,5
260,2025-02-20,5,4,7.5,1
261,2025-09-01,3,13,7.5,5
262,2025-06-26,4,6,7.5,4
263,2024-09-05,5,20,7.5,1
264,2024-01-11,1,16,7.5,5
265,2023-07-13,5,8,7.5,2
266,2023-06-14,5,20,7.5,3
267,2026-01-29,5,14,7.5,1
268,2024-08-17,4,4,7.5,1
269,2023-07-17,5,11,7.5,1
270,2024-10-01,1,19,7.5,1
271,2025-08-23,1,20,7.5,4
272,2023-11-02,3,9,7.5,4
273,2023-09-06,2,20,7.5,4
274,2024-01-18,1,4,7.5,1
275,2025-08-04,1,1,7.5,2
276,2023-06-19,2,10,7.5,4
277,2024-05-21,1,19,7.5,1
278,2024-06-05,2,18,7.5,2
279,2025-07-17,1,9,7.5,4
280,2025-02-14,3,19,7.5,3
281,2025-12-08,1,9,7.5,4
282,2024-01-14,4,10,7.5,4
283,2025-05-10,3,18,7.5,4
284,2023-06-13,2,16,7.5,3
285,2026-03-12,4,16,7.5,3
286,2024-06-15,4,16,7.5,5
287,2023-05-19,3,4,7.5,3
288,2024-09-09,1,11,7.5,4
289,2023-11-07,3,15,7.5,3
290,2026-02-18,5,7,7.5,1
291,2023-12-22,2,4,7.5,4
292,2024-10-27,1,1,7.5,3
293,2025-05-26,3,1,7.5,3
294,2024-10-14,3,13,7.5,3
295,2025-04-02,2,20,7.5,5
296,2023-05-22,3,20,7.5,3
297,2025-11-15,2,15,7.5,4
298,2025-06-04,2,17,7.5,3
299,2025-12-27,3,9,7.5,3
300,2024-10-09,2,12,7.5,2
301,2024-10-23,3,19,7.5,2
302,2024-10-21,5,10,7.5,2
303,2023-09-19,5,13,7.5,2
304,2024-02-19,3,10,7.5,5
305,2025-03-11,3,3,7.5,1
306,2025-05-13,3,14,7.5,5
307,2024-12-19,3,12,7.5,4
308,2025-06-25,3,15,7.5,5
309,2024-08-05,5,2,7.5,5
310,2023-10-23,1,12,7.5,2
311,2023-12-09,5,7,7.5,4
312,2024-08-26,2,15,7.5,1
313,2025-02-12,4,14,7.5,3
314,2024-03-17,4,15,7.5,2
315,2024-07-28,1,14,7.5,5
316,2024-03-18,3,11,7.5,4
317,2025-01-26,1,2,7.5,4
318,2023-06-28,3,14,7.5,2
319,2025-11-10,5,15,7.5,4
320,2025-08-03,5,2,7.5,4
321,2025-12-07,2,16,7.5,5
322,2024-01-17,3,12,7.5,3
323,2025-03-24,2,4,7.5,1
324,2024-07-23,1,8,7.5,4
325,2025-04-19,4,17,7.5,3
326,2024-09-29,1,16,7.5,4
327,2024-09-09,1,4,7.5,4
328,2024-04-13,5,10,7.5,2
329,2024-05-03,3,11,7.5,4
330,2025-07-31,2,4,7.5,3
331,2024-05-08,1,9,7.5,2
332,2025-10-23,3,20,7.5,3
333,2023-09-01,3,11,7.5,3
334,2024-05-14,5,16,7.5,2
335,2025-09-17,3,12,7.5,2
336,2023-10-22,1,15,7.5,3
337,2026-02-07,5,18,7.5,1
338,2026-03-12,4,12,7.5,3
339,2026-02-06,1,2,7.5,2
340,2025-07-11,1,8,7.5,3
341,2024-03-12,1,15,7.5,4
342,2023-10-12,3,17,7.5,5
343,2023-05-25,2,11,7.5,2
344,2026-02-23,3,10,7.5,5
345,2024-07-03,1,15,7.5,5
346,2025-02-15,3,10,7.5,4
347,2024-11-21,4,5,7.5,4
348,2025-11-28,5,4,7.5,5
349,2025-11-02,5,5,7.5,5
350,2023-04-05,3,14,7.5,3
351,2025-12-04,3,4,7.5,3
352,2025-04-01,3,19,7.5,1
353,2024-12-22,2,11,7.5,5
354,2025-01-16,1,19,7.5,3
355,2023-07-10,3,17,7.5,5
356,2026-02-28,3,1,7.5,2
357,2023-12-26,5,5,7.5,3
358,2024-06-10,1,9,7.5,5
359,2024-11-15,4,6,7.5,2
360,2024-09-22,2,14,7.5,4
361,2025-10-30,5,13,7.5,2
362,2024-04-13,3,4,7.5,3
363,2024-05-28,3,12,7.5,1
364,2024-09-03,3,17,7.5,5
365,2025-09-18,5,12,7.5,5
366,2024-02-09,1,2,7.5,3
367,2023-12-25,4,14,7.5,1
368,2025-03-13,5,5,7.5,5
369,2025-11-08,2,3,7.5,4
370,2023-11-10,4,17,7.5,3
371,2023-11-05,3,13,7.5,2
372,2026-03-01,3,3,7.5,1
373,2023-07-25,3,15,7.5,3
374,2024-10-08,2,20,7.5,4
375,2024-01-21,2,13,7.5,2
376,2025-12-11,3,6,7.5,3
377,2025-09-06,4,8,22.0,3
378,2024-12-26,2,11,22.0,4
379,2025-03-22,2,10,22.0,1
380,2024-08-22,1,4,22.0,1
381,2023-12-27,5,17,22.0,4
382,2023-12-02,3,6,22.0,1
383,2024-01-26,5,1,22.0,1
384,2024-09-30,4,15,22.0,4
385,2024-11-02,4,19,22.0,2
386,2023-04-09,4,18,22.0,4
387,2024-03-06,4,1,22.0,4
388,2023-05-15,1,15,22.0,1
389,2024-08-02,4,2,22.0,3
390,2023-10-11,2,5,22.0,2
391,2026-02-16,2,12,22.0,4
392,2023-12-02,4,8,22.0,5
393,2024-02-19,1,15,22.0,1
394,2024-02-27,1,2,22.0,2
395,2023-10-30,1,17,22.0,1
396,2024-07-28,4,6,22.0,1
397,2026-02-28,5,16,22.0,5
398,2023-07-15,3,20,22.0,2
399,2024-11-24,5,2,22.0,3
400,2025-01-28,2,19,22.0,4
401,2023-04-14,3,11,22.0,4
402,2024-08-12,5,3,22.0,3
403,2024-08-20,4,9,22.0,5
404,2023-06-27,2,17,22.0,4
405,2024-05-21,2,1,22.0,1
406,2026-03-18,5,12,22.0,4
407,2024-12-29,2,19,22.0,3
408,2023-12-19,4,8,22.0,5
409,2024-07-04,4,14,22.0,5
410,2024-07-11,2,20,22.0,2
411,2024-06-01,3,7,22.0,2
412,2023-10-07,5,11,22.0,1
413,2024-03-11,2,16,22.0,3
414,2024-05-08,1,12,22.0,1
415,2025-12-18,5,1,22.0,3
416,2025-06-26,1,6,22.0,4
417,2024-08-20,3,8,22.0,1
418,2023-07-01,1,16,22.0,2
419,2023-07-02,4,17,22.0,5
420,2023-10-21,3,13,22.0,4
421,2023-11-10,3,4,22.0,2
422,2025-01-12,4,16,22.0,2
423,2025-10-23,5,1,22.0,3
424,2025-04-20,1,4,22.0,2
425,2025-12-01,3,11,22.0,1
426,2023-05-23,1,1,22.0,1
427,2025-12-08,5,12,22.0,2
428,2023-08-28,3,2,22.0,4
429,2025-02-10,2,11,22.0,3
430,2025-10-12,5,15,22.0,4
431,2024-07-05,1,11,22.0,1
432,2023-12-21,4,11,22.0,3
433,2025-09-28,1,13,22.0,3
434,2026-02-13,3,1,22.0,2
435,2025-10-24,3,18,22.0,5
436,2025-03-15,2,18,22.0,1
437,2023-06-07,5,13,22.0,4
438,2025-08-22,3,12,22.0,2
439,2024-09-10,2,4,22.0,1
440,2024-11-09,3,12,22.0,5
441,2025-03-31,5,11,22.0,1
442,2026-03-12,2,3,22.0,3
443,2026-02-12,2,10,22.0,3
444,2025-06-14,2,4,22.0,3
445,2025-01-21,4,13,22.0,5
446,2024-06-08,5,19,22.0,5
447,2023-12-08,2,6,22.0,3
448,2023-05-22,1,9,22.0,4
449,2025-04-26,5,7,22.0,3
450,2024-02-21,1,7,22.0,3
451,2024-09-21,2,13,22.0,5
452,2025-07-02,2,15,22.0,1
453,2024-01-03,2,2,22.0,2
454,2024-09-26,2,17,22.0,1
455,2024-04-10,1,3,22.0,2
456,2026-03-07,2,4,22.0,4
457,2023-12-19,2,20,22.0,5
458,2025-02-20,2,7,22.0,5
459,2025-12-08,4,19,22.0,3
460,2025-02-06,2,17,22.0,1
461,2026-02-06,2,10,22.0,2
462,2025-09-20,5,11,22.0,4
463,2025-12-01,5,1,22.0,1
464,2024-10-18,4,20,22.0,4
465,2024-05-12,2,6,22.0,1
466,2025-02-28,1,7,22.0,1
467,2023-08-05,4,11,22.0,5
468,2024-04-02,1,17,22.0,4
469,2023-12-16,2,14,22.0,4
470,2026-02-17,4,16,22.0,5
471,2025-12-10,4,4,22.0,1
472,2023-09-08,4,4,22.0,4
473,2024-12-08,1,6,22.0,5
474,2023-05-18,2,7,22.0,3
475,2023-06-28,3,8,22.0,1
476,2023-04-28,3,6,22.0,3
477,2025-10-21,3,18,22.0,4
478,2025-08-31,2,4,22.0,5
479,2026-01-21,3,6,22.0,5
480,2025-11-16,1,1,22.0,5
481,2024-03-29,5,6,22.0,1
482,2024-05-04,3,11,22.0,4
483,2024-10-01,1,17,22.0,4
484,2024-01-25,4,14,22.0,2
485,2023-06-04,2,12,22.0,2
486,2024-11-15,4,13,22.0,4
487,2023-07-24,1,18,22.0,2
488,2023-12-05,2,10,22.0,3
489,2023-11-20,4,10,22.0,4
490,2024-03-19,2,6,22.0,2
491,2025-10-14,1,18,22.0,4
492,2023-04-24,1,4,22.0,4
493,2023-10-28,5,5,22.0,4
494,2025-11-04,3,10,22.0,4
495,2024-04-22,2,17,22.0,2
496,2024-08-12,1,3,22.0,2
497,2024-10-15,5,8,22.0,5
498,2025-07-15,5,6,22.0,4
499,2024-08-25,1,20,8.5,1
500,2024-04-10,5,1,8.5,3
501,2023-10-27,3,2,8.5,5
502,2025-07-12,1,8,8.5,4
503,2023-04-10,1,3,8.5,2
504,2025-01-31,4,2,8.5,1
505,2024-10-17,2,11,8.5,3
506,2024-07-09,5,17,8.5,2
507,2025-08-24,1,10,8.5,5
508,2024-07-10,2,5,8.5,3
509,2025-05-28,4,6,8.5,5
510,2023-04-28,1,19,8.5,5
511,2025-12-28,1,13,8.5,5
512,2025-08-22,2,15,8.5,4
513,2024-11-05,5,11,8.5,5
514,2024-02-14,1,14,8.5,1
515,2025-06-26,4,15,8.5,5
516,2024-12-24,2,16,8.5,1
517,2024-09-07,1,16,8.5,4
518,2024-05-10,3,14,8.5,4
519,2024-08-15,2,4,8.5,5
520,2024-07-26,4,13,8.5,1
521,2023-05-18,2,5,8.5,3
522,2025-01-05,3,4,8.5,2
523,2024-03-20,2,7,8.5,3
524,2024-08-14,2,10,8.5,3
525,2026-03-27,4,1,8.5,3
526,2025-12-15,3,19,8.5,2
527,2025-05-11,4,14,8.5,2
528,2025-01-04,2,1,8.5,2
529,2025-11-30,5,12,8.5,4
530,2025-08-26,2,18,8.5,3
531,2024-11-19,1,17,8.5,5
532,2024-03-24,3,14,8.5,1
533,2024-10-05,2,20,8.5,3
534,2024-06-14,3,19,8.5,5
535,2024-06-19,1,10,8.5,2
536,2025-07-02,1,7,8.5,3
537,2023-09-17,4,14,8.5,3
538,2025-01-28,3,3,8.5,1
539,2025-11-28,1,5,8.5,2
540,2026-01-24,3,8,8.5,1
541,2023-09-11,5,9,8.5,5
542,2023-05-25,5,15,8.5,5
543,2024-02-14,2,2,8.5,2
544,2024-10-14,3,2,8.5,2
545,2025-11-13,3,19,8.5,5
546,2024-04-16,3,19,8.5,1
547,2023-11-19,3,20,8.5,2
548,2024-02-09,2,1,8.5,1
549,2024-08-26,3,15,8.5,4
550,2024-12-31,3,9,8.5,2
551,2026-02-26,2,10,8.5,5
552,2024-02-06,4,18,8.5,3
553,2024-12-22,1,18,8.5,2
554,2026-01-23,1,12,8.5,2
555,2024-05-07,4,15,8.5,3
556,2024-01-12,4,4,8.5,1
557,2025-02-04,5,7,8.5,2
558,2025-08-16,1,4,8.5,2
559,2023-05-31,2,3,8.5,2
560,2025-10-09,1,19,8.5,4
561,2024-09-25,3,20,8.5,1
562,2024-08-08,4,9,8.5,5
563,2023-10-04,5,2,8.5,3
564,2025-12-11,4,10,8.5,4
565,2024-11-06,1,13,8.5,5
566,2023-04-06,2,14,8.5,1
567,2023-08-28,1,5,8.5,3
568,2023-04-29,4,7,8.5,3
569,2023-10-13,4,9,8.5,5
570,2025-10-07,5,1,8.5,4
571,2024-12-11,3,11,8.5,4
572,2023-05-20,5,17,8.5,2
573,2026-03-18,5,9,8.5,4
574,2024-02-26,2,3,8.5,4
575,2025-08-12,2,13,8.5,1
576,2023-12-22,2,15,8.5,2
577,2024-08-13,3,18,8.5,3
578,2024-06-30,5,1,8.5,5
579,2024-12-28,1,12,8.5,1
580,2024-07-03,2,7,8.5,5
581,2023-04-13,4,18,8.5,1
582,2024-04-28,2,1,8.5,5
583,2023-04-09,1,1,8.5,3
584,2025-10-26,2,20,8.5,2
585,2023-11-26,2,15,8.5,4
586,2025-10-18,5,5,8.5,1
587,2025-11-04,2,19,8.5,1
588,2024-07-21,4,3,8.5,3
589,2023-07-28,3,17,8.5,3
590,2024-07-29,1,9,8.5,4
591,2025-10-31,3,13,8.5,4
592,2023-07-18,4,12,8.5,2
593,2023-04-13,1,2,8.5,3
594,2026-02-09,4,19,8.5,2
595,2024-08-04,3,18,8.5,4
596,2025-06-21,3,20,8.5,5
597,2023-11-24,4,16,8.5,1
598,2025-11-29,1,19,8.5,1
599,2023-04-03,4,7,8.5,1
600,2023-09-12,3,4,8.5,2
601,2026-02-03,4,14,8.5,5
602,2024-09-16,3,17,8.5,2
603,2024-08-03,2,8,8.5,2
604,2023-09-09,5,5,8.5,2
605,2025-03-20,2,14,8.5,5
606,2024-01-11,1,9,8.5,2
607,2023-06-22,5,19,8.5,1
608,2025-04-05,1,20,8.5,3
609,2024-10-22,5,17,8.5,4
610,2023-07-25,3,9,8.5,5
611,2023-07-10,4,19,8.5,2
612,2025-04-22,4,3,8.5,1
613,2026-03-03,4,17,8.5,2
614,2023-10-25,2,5,8.5,4
615,2023-04-23,2,19,8.5,2
616,2024-06-07,3,9,8.5,2
617,2023-07-14,1,13,8.5,2
618,2024-09-25,5,12,8.5,4
619,2024-04-22,5,4,8.5,3
620,2024-07-30,5,19,8.5,4
621,2025-04-25,10,3,4.5,3
622,2024-11-20,2,19,4.5,4
623,2024-08-05,9,18,4.5,2
624,2026-01-27,1,9,4.5,3
625,2024-02-21,8,15,4.5,5
626,2025-02-17,8,5,4.5,2
627,2024-04-29,6,19,4.5,2
628,2025-03-08,9,7,4.5,3
629,2023-06-24,7,3,4.5,2
630,2025-01-30,7,5,4.5,4
631,2026-03-21,7,17,4.5,4
632,2025-09-19,8,2,4.5,2
633,2025-08-05,5,1,4.5,3
634,2024-09-29,1,20,4.5,2
635,2024-02-18,10,18,4.5,5
636,2023-04-14,5,1,4.5,5
637,2023-07-25,10,2,4.5,4
638,2025-01-27,6,17,4.5,2
639,2023-07-28,5,5,4.5,1
640,2023-04-23,7,14,4.5,3
641,2025-05-11,4,7,4.5,5
642,2024-09-28,7,7,4.5,2
643,2024-09-26,3,4,4.5,3
644,2024-01-28,6,3,4.5,3
645,2026-02-13,10,14,4.5,2
646,2024-12-04,1,17,4.5,3
647,2024-09-13,2,19,4.5,1
648,2026-02-03,2,20,4.5,3
649,2024-04-15,4,2,4.5,3
650,2024-05-31,2,15,4.5,5
651,2025-12-09,10,6,4.5,5
652,2024-04-12,7,8,4.5,2
653,2025-11-04,1,15,4.5,5
654,2026-01-18,5,3,4.5,2
655,2023-12-18,6,15,4.5,5
656,2025-06-16,9,7,4.5,1
657,2026-02-13,9,1,4.5,1
658,2025-08-04,4,15,4.5,5
659,2025-10-03,4,16,4.5,1
660,2025-12-27,7,1,4.5,4
661,2024-08-31,9,19,4.5,2
662,2026-03-21,6,8,4.5,3
663,2024-12-13,5,15,4.5,1
664,2025-06-02,4,16,4.5,2
665,2024-01-20,8,11,4.5,1
666,2023-11-09,6,6,4.5,5
667,2024-09-05,2,10,4.5,1
668,2025-08-10,4,13,4.5,1
669,2023-05-11,5,8,4.5,2
670,2024-10-31,6,6,4.5,5
671,2026-01-24,5,11,4.5,4
672,2024-11-01,9,9,4.5,5
673,2025-04-06,4,3,4.5,2
674,2025-12-04,4,14,4.5,5
675,2024-08-15,1,12,4.5,3
676,2025-12-21,9,16,4.5,5
677,2024-12-05,4,17,4.5,2
678,2026-03-09,1,9,4.5,3
679,2025-12-25,4,11,4.5,3
680,2026-03-19,9,8,4.5,2
681,2024-02-08,6,11,4.5,4
682,2023-04-20,2,8,4.5,3
683,2024-11-14,9,19,4.5,1
684,2025-03-07,4,10,4.5,1
685,2023-08-08,1,19,4.5,2
686,2025-09-03,1,12,4.5,3
687,2024-06-08,6,2,4.5,5
688,2025-04-23,10,1,4.5,5
689,2023-06-08,10,2,4.5,2
690,2024-02-02,10,11,4.5,2
691,2023-09-19,5,6,4.5,3
692,2023-04-23,4,6,4.5,5
693,2026-03-22,7,6,4.5,3
694,2023-05-15,3,14,4.5,1
695,2024-10-11,5,19,4.5,5
696,2023-12-23,5,3,4.5,3
697,2024-11-26,6,14,4.5,4
698,2023-04-15,3,8,4.5,2
699,2025-06-26,9,2,4.5,2
700,2026-02-25,9,20,4.5,4
701,2025-01-09,5,11,4.5,2
702,2025-05-10,3,7,4.5,2
703,2023-11-09,10,9,4.5,5
704,2024-08-14,5,11,4.5,5
705,2024-11-24,7,17,4.5,2
706,2023-07-17,1,7,4.5,4
707,2025-03-15,4,11,4.5,5
708,2025-02-12,2,12,4.5,3
709,2025-08-18,2,15,4.5,1
710,2024-07-10,6,5,4.5,4
711,2025-07-20,1,11,4.5,4
712,2025-04-17,7,17,4.5,3
713,2024-05-21,3,16,4.5,2
714,2026-01-22,4,8,4.5,2
715,2023-10-04,5,10,4.5,2
716,2024-09-07,8,2,4.5,1
717,2024-10-03,4,5,4.5,3
718,2025-07-26,5,19,4.5,1
719,2026-01-15,2,7,4.5,5
720,2024-02-13,7,20,4.5,4
721,2023-07-08,8,2,4.5,1
722,2026-03-27,6,4,4.5,4
723,2024-05-03,8,2,4.5,3
724,2026-03-27,7,7,4.5,5
725,2026-03-16,8,19,4.5,2
726,2025-04-17,5,7,4.5,2
727,2023-06-26,7,15,4.5,2
728,2023-12-28,6,14,4.5,1
729,2025-01-01,7,3,4.5,4
730,2025-09-30,10,14,4.5,1
731,2024-10-30,4,1,4.5,4
732,2024-04-11,8,15,4.5,3
733,2023-11-24,10,13,4.5,3
734,2023-10-07,6,11,4.5,1
735,2024-11-11,7,11,4.5,2
736,2025-05-05,5,7,4.5,4
737,2023-06-27,1,8,4.5,2
738,2023-05-28,1,18,4.5,3
739,2025-07-19,4,14,4.5,3
740,2026-02-02,3,17,4.5,5
741,2024-11-27,8,9,4.5,4
742,2023-10-12,2,17,4.5,1
743,2024-02-25,4,13,4.5,1
744,2025-05-02,10,14,4.5,3
745,2024-09-22,9,19,4.5,2
746,2024-06-02,5,20,4.5,2
747,2025-10-13,9,14,4.5,5
748,2025-07-14,2,15,4.5,1
749,2023-07-19,7,11,4.5,4
750,2024-08-31,3,19,4.5,3
751,2024-04-14,9,4,4.5,3
752,2025-11-22,8,12,4.5,1
753,2024-05-27,10,7,4.5,3
754,2024-09-07,2,1,4.5,4
755,2025-09-02,7,6,4.5,1
756,2024-12-16,2,20,4.5,5
757,2024-04-14,5,16,4.5,4
758,2024-07-16,9,15,4.5,3
759,2023-05-19,3,5,4.5,1
760,2024-01-22,7,12,4.5,3
761,2025-07-26,7,12,4.5,3
762,2026-01-29,4,7,4.5,4
763,2025-02-11,5,11,4.5,3
764,2023-09-20,4,9,4.5,1
765,2026-03-29,7,11,4.5,5
766,2026-03-22,9,5,4.5,2
767,2023-12-07,7,15,4.5,3
768,2025-07-03,6,20,4.5,3
769,2023-10-24,9,19,4.5,4
770,2025-03-07,9,11,4.5,3
771,2026-01-16,5,3,4.5,1
772,2025-04-12,10,6,4.5,2
773,2025-11-17,9,4,4.5,1
774,2025-06-05,9,11,4.5,1
775,2023-11-04,3,6,4.5,4
776,2023-10-29,4,19,4.5,3
777,2024-05-14,9,12,4.5,1
778,2024-07-10,4,10,4.5,5
779,2026-02-19,9,6,4.5,4
780,2024-09-30,5,19,4.5,3
781,2024-06-22,9,14,4.5,1
782,2026-01-09,6,14,4.5,2
783,2026-01-24,5,1,4.5,1
784,2024-07-14,3,4,4.5,5
785,2024-05-01,1,3,4.5,4
786,2023-11-14,1,3,4.5,3
787,2025-11-17,2,6,4.5,5
788,2023-06-21,9,18,4.5,5
789,2024-02-14,2,16,4.5,3
790,2023-04-03,1,15,4.5,3
791,2024-09-20,4,18,4.5,2
792,2025-05-15,4,19,4.5,1
793,2024-11-20,10,12,4.5,5
794,2024-04-27,8,6,4.5,3
795,2025-03-07,10,17,4.5,2
796,2025-09-13,6,16,4.5,3
797,2025-11-28,9,17,4.5,2
798,2024-12-16,8,15,4.5,1
799,2024-09-11,7,7,4.5,5
800,2025-06-24,3,4,4.5,4
801,2023-04-16,5,13,4.5,5
802,2024-03-01,2,16,4.5,3
803,2024-11-13,6,9,4.5,4
804,2023-06-20,5,16,4.5,5
805,2025-09-17,2,4,4.5,1
806,2025-05-21,5,9,4.5,4
807,2025-06-21,10,3,4.5,3
808,2025-11-10,6,18,4.5,5
809,2024-11-12,4,15,4.5,5
810,2024-11-16,5,7,4.5,5
811,2024-06-07,9,6,4.5,4
812,2023-09-03,1,7,4.5,2
813,2025-09-13,4,15,4.5,3
814,2025-04-24,9,15,4.5,5
815,2025-03-25,5,14,4.5,5
816,2023-05-11,6,12,4.5,2
817,2023-06-05,6,14,4.5,4
818,2024-10-02,5,1,4.5,2
819,2025-10-27,1,16,4.5,3
820,2025-04-22,5,6,4.5,2
821,2023-10-10,10,10,4.5,4
822,2024-08-05,9,16,4.5,3
823,2024-02-23,5,5,4.5,3
824,2026-03-07,5,18,4.5,2
825,2025-05-12,7,20,4.5,3
826,2025-08-27,7,19,4.5,2
827,2025-12-01,2,2,4.5,3
828,2024-09-07,5,1,4.5,2
829,2026-02-01,1,18,4.5,4
830,2024-07-09,7,4,4.5,1
831,2024-12-22,10,12,4.5,1
832,2023-08-09,10,6,4.5,2
833,2023-05-20,3,7,4.5,1
834,2023-09-10,3,6,4.5,2
835,2025-12-19,1,10,4.5,3
836,2025-03-11,7,14,4.5,1
837,2024-10-05,8,19,4.5,5
838,2025-11-03,8,16,4.5,1
839,2025-03-04,3,2,4.5,1
840,2023-06-15,9,10,4.5,5
841,2024-11-19,3,17,4.5,5
842,2023-06-13,1,19,4.5,4
843,2026-01-05,2,6,4.5,2
844,2025-11-11,2,15,4.5,4
845,2025-11-27,3,14,4.5,3
846,2024-10-18,6,6,4.5,4
847,2024-12-26,10,11,4.5,3
848,2023-04-16,2,15,4.5,2
849,2023-06-22,9,5,4.5,2
850,2026-03-26,10,19,4.5,1
851,2024-10-28,2,11,4.5,5
852,2023-05-16,10,20,4.5,1
853,2025-11-14,4,12,4.5,4
854,2023-09-09,2,12,4.5,2
855,2024-04-10,5,11,4.5,4
856,2024-11-28,6,7,4.5,2
857,2023-06-24,8,7,4.5,4
858,2023-05-11,4,10,4.5,1
859,2024-03-06,5,18,4.5,5
860,2023-07-23,9,19,4.5,3
861,2023-07-09,4,16,4.5,4
862,2026-03-28,10,8,4.5,3
863,2025-02-07,3,13,4.5,4
864,2024-02-12,6,11,4.5,4
865,2025-02-19,8,16,4.5,5
866,2026-02-15,8,4,4.5,1
867,2023-08-18,7,19,4.5,2
868,2023-07-05,10,5,4.5,4
869,2025-08-20,3,13,4.5,1
870,2023-06-08,1,14,4.5,5
871,2024-07-02,5,5,4.5,4
872,2024-04-01,3,14,4.5,2
873,2024-09-03,6,11,4.5,4
874,2025-07-11,2,13,4.5,4
875,2025-03-06,10,4,4.5,4
876,2024-04-17,3,5,4.5,1
877,2025-06-22,5,11,4.5,1
878,2025-01-07,5,19,4.5,4
879,2023-08-12,5,16,4.5,2
880,2024-10-27,3,16,4.5,2
881,2024-10-26,9,12,4.5,5
882,2025-04-03,10,4,4.5,2
883,2024-05-04,4,19,4.5,5
884,2025-09-19,1,7,4.5,1
885,2023-05-27,2,6,4.5,2
886,2024-03-23,8,15,4.5,3
887,2023-04-25,6,11,4.5,4
888,2025-02-28,9,3,4.5,5
889,2023-07-22,10,6,4.5,3
890,2023-10-05,4,11,4.5,4
891,2025-12-22,10,10,4.5,3
892,2025-07-04,9,10,4.5,2
893,2025-06-03,6,15,4.5,1
894,2026-02-19,4,18,4.5,1
895,2024-03-11,4,2,4.5,3
896,2023-07-31,9,19,4.5,2
897,2026-02-26,1,17,4.5,5
898,2025-05-15,9,11,4.5,4
899,2026-02-23,4,20,4.5,5
900,2023-09-09,5,17,4.5,3
901,2025-09-20,7,4,4.5,5
902,2024-07-22,3,16,4.5,3
903,2025-07-03,3,6,4.5,3
904,2023-12-28,6,5,4.5,2
905,2025-04-02,10,14,4.5,1
906,2023-08-19,9,15,4.5,5
907,2023-11-14,4,12,4.5,4
908,2025-02-23,4,11,4.5,5
909,2025-10-17,2,10,4.5,2
910,2023-12-02,10,6,4.5,2
911,2024-03-14,9,3,4.5,3
912,2025-06-15,5,18,4.5,2
913,2023-06-09,7,2,4.5,1
914,2025-07-12,1,7,4.5,5
915,2023-12-16,9,12,4.5,1
916,2024-08-27,4,16,4.5,2
917,2023-08-20,10,5,4.5,4
918,2024-08-15,7,11,4.5,1
919,2024-08-12,10,6,4.5,2
920,2025-07-28,7,7,4.5,4
921,2023-04-25,5,18,4.5,1
922,2023-07-12,8,15,4.5,3
923,2024-08-26,6,4,4.5,2
924,2024-09-02,1,17,4.5,2
925,2026-01-26,2,12,4.5,5
926,2025-11-18,6,7,4.5,1
927,2025-07-22,2,17,4.5,1
928,2025-10-24,4,20,4.5,2
929,2025-09-21,9,8,4.5,4
930,2025-06-18,3,16,4.5,3
931,2024-03-27,1,10,4.5,5
932,2025-10-13,10,9,4.5,4
933,2025-02-23,5,10,4.5,3
934,2023-10-24,7,9,4.5,5
935,2025-04-23,6,19,4.5,3
936,2025-10-10,6,4,4.5,3
937,2023-10-30,4,7,4.5,3
938,2023-10-11,3,18,4.5,2
939,2023-10-20,2,11,4.5,2
940,2025-07-28,1,4,4.5,1
941,2024-09-30,9,15,4.5,4
942,2024-07-22,2,14,4.5,1
943,2025-07-22,6,13,4.5,5
944,2025-09-30,5,1,4.5,1
945,2023-08-10,1,12,4.5,1
946,2025-11-15,1,4,4.5,2
947,2026-04-01,9,2,4.5,2
948,2024-08-14,2,16,4.5,2
949,2025-10-26,3,5,4.5,3
950,2024-02-10,7,14,4.5,4
951,2023-10-05,3,12,4.5,2
952,2025-12-21,4,3,4.5,4
953,2024-02-12,2,13,4.5,4
954,2024-08-04,3,7,4.5,2
955,2025-06-25,5,17,4.5,2
956,2024-01-18,3,8,4.5,5
957,2023-07-01,9,19,4.5,1
958,2025-07-07,3,18,4.5,2
959,2025-01-17,9,16,4.5,4
960,2023-08-31,8,3,4.5,1
961,2025-03-05,9,14,4.5,1
962,2024-07-04,10,13,4.5,3
963,2023-07-14,9,5,4.5,3
964,2023-06-15,8,1,4.5,1
965,2024-03-24,7,5,4.5,5
966,2025-10-03,9,19,4.5,3
967,2024-01-08,3,6,4.5,4
968,2026-01-27,1,13,4.5,3
969,2023-08-02,10,8,4.5,3
970,2023-04-19,1,17,4.5,4
971,2024-10-05,3,3,4.5,1
972,2023-09-16,1,14,4.5,1
973,2024-09-14,5,19,4.5,4
974,2023-10-11,5,10,4.5,1
975,2025-10-15,5,15,4.5,5
976,2023-12-03,10,20,4.5,3
977,2024-04-19,1,4,4.5,4
978,2023-10-20,7,5,4.5,3
979,2025-09-03,8,6,4.5,4
980,2024-06-03,9,9,4.5,1
981,2025-12-25,1,12,4.5,5
982,2025-10-08,3,13,4.5,1
983,2024-02-08,10,12,4.5,2
984,2025-02-03,7,10,4.5,1
985,2024-11-14,7,8,4.5,1
986,2025-12-16,1,18,4.5,3
987,2025-12-23,5,5,4.5,4
988,2023-09-17,9,14,4.5,2
989,2025-07-15,1,10,4.5,5
990,2023-07-13,2,15,4.5,5
991,2025-04-18,1,2,4.5,4
992,2024-08-27,3,9,4.5,5
993,2024-07-16,2,3,4.5,5
994,2024-08-09,2,19,4.5,1
995,2024-10-07,3,15,4.5,5
996,2023-09-25,9,5,4.5,4
997,2025-01-12,7,7,4.5,4
998,2024-05-18,5,15,4.5,5
999,2025-06-07,7,15,4.5,3
1000,2024-03-03,5,7,4.5,5
1001,2025-11-18,10,5,4.5,5
1002,2026-01-17,4,13,4.5,4
1003,2025-08-10,10,3,4.5,1
1004,2023-12-31,8,14,4.5,2
1005,2024-09-17,5,9,4.5,3
1006,2023-09-30,5,17,4.5,5
1007,2023-12-13,5,11,4.5,5
1008,2025-01-26,1,5,4.5,1
1009,2023-11-26,5,16,4.5,4
1010,2024-01-12,1,20,4.5,5
1011,2023-12-26,1,6,4.5,3
1012,2025-05-29,9,20,4.5,2
1013,2026-01-24,9,15,4.5,5
1014,2023-04-23,7,5,4.5,2
1015,2024-04-22,9,1,4.5,5
1016,2025-01-08,3,18,4.5,5
1017,2026-03-18,5,14,4.5,1
1018,2023-11-23,8,16,4.5,3
1019,2026-02-04,6,18,4.5,5
1020,2023-09-05,7,18,4.5,2
1021,2023-04-09,10,11,4.5,4
1022,2024-09-09,10,6,4.5,3
1023,2023-06-05,6,7,4.5,5
1024,2025-02-27,7,18,4.5,5
1025,2025-10-29,7,1,4.5,2
1026,2023-10-31,6,3,4.5,5
1027,2024-05-11,6,19,4.5,5
1028,2026-01-22,7,17,4.5,4
1029,2023-11-22,3,9,4.5,5
1030,2023-12-13,7,4,4.5,4
1031,2024-11-04,7,15,4.5,1
1032,2025-06-13,4,9,4.5,2
1033,2025-08-29,4,8,4.5,4
1034,2025-12-19,4,20,4.5,2
1035,2024-11-06,3,13,4.5,4
1036,2025-04-18,3,2,4.5,1
1037,2023-05-27,7,14,4.5,4
1038,2023-12-02,7,15,4.5,4
1039,2023-08-25,9,9,4.5,2
1040,2024-07-02,9,15,4.5,4
1041,2025-09-10,8,2,4.5,5
1042,2023-05-27,3,13,4.5,4
1043,2025-11-08,8,4,4.5,1
1044,2026-02-17,3,3,4.5,5
1045,2023-04-04,3,6,4.5,3
1046,2023-06-17,2,15,4.5,2
1047,2023-06-08,5,9,4.5,4
1048,2025-01-26,6,3,4.5,2
1049,2024-01-29,10,10,4.5,1
1050,2025-10-18,3,5,4.5,1
1051,2025-06-17,8,16,4.5,4
1052,2025-05-18,8,19,4.5,5
1053,2025-01-26,1,9,4.5,2
1054,2023-05-23,10,5,4.5,3
1055,2024-11-28,4,3,4.5,1
1056,2023-05-16,4,19,4.5,3
1057,2024-05-07,4,17,4.5,1
1058,2024-05-07,10,5,4.5,3
1059,2023-08-07,3,5,4.5,3
1060,2025-11-25,1,7,4.5,4
1061,2026-03-25,3,19,4.5,4
1062,2025-07-03,4,3,4.5,3
1063,2024-04-18,10,9,4.5,5
1064,2023-04-16,5,20,4.5,1
1065,2024-11-20,1,10,4.5,3
1066,2024-04-23,10,6,4.5,1
1067,2023-09-01,5,9,4.5,5
1068,2026-02-25,4,13,4.5,2
1069,2024-11-05,7,20,4.5,4
1070,2025-09-20,10,17,4.5,5
1071,2025-04-19,1,19,4.5,2
1072,2023-10-30,10,16,4.5,3
1073,2024-09-06,8,8,4.5,1
1074,2025-09-29,3,8,4.5,5
1075,2024-08-27,1,10,4.5,2
1076,2025-01-08,2,7,4.5,4
1077,2025-03-31,4,19,4.5,5
1078,2025-01-10,3,11,4.5,1
1079,2025-01-28,10,17,4.5,2
1080,2025-11-17,7,11,4.5,3
1081,2025-06-19,3,8,4.5,2
1082,2023-06-28,6,20,4.5,3
1083,2025-04-26,10,18,4.5,2
1084,2026-03-09,3,15,4.5,1
1085,2025-04-30,1,4,4.5,1
1086,2024-03-31,6,12,4.5,3
1087,2023-08-05,8,18,4.5,1
1088,2024-03-16,10,8,4.5,5
1089,2026-02-01,9,15,4.5,3
1090,2025-05-29,8,17,4.5,2
1091,2026-03-02,10,18,4.5,1
1092,2025-05-29,5,6,4.5,5
1093,2025-05-13,5,2,4.5,5
1094,2026-03-30,10,20,4.5,5
1095,2024-05-22,5,7,4.5,4
1096,2024-12-11,2,13,4.5,5
1097,2023-09-17,3,20,4.5,1
1098,2024-11-14,3,5,4.5,1
1099,2025-08-10,2,20,4.5,3
1100,2025-08-29,7,19,4.5,2
1101,2023-06-27,5,18,4.5,5
1102,2024-10-05,8,20,4.5,5
1103,2024-10-25,4,12,4.5,1
1104,2023-10-17,10,18,4.5,3
1105,2024-08-03,6,5,4.5,3
1106,2025-02-02,5,19,4.5,5
1107,2024-03-24,2,8,4.5,2
1108,2024-12-05,10,9,4.5,1
1109,2023-12-11,6,16,4.5,1
1110,2025-09-30,10,8,4.5,3
1111,2023-05-31,1,8,4.5,3
1112,2025-01-20,9,9,4.5,3
1113,2026-01-24,5,12,4.5,2
1114,2024-04-10,8,14,4.5,3
1115,2024-02-14,10,17,4.5,4
1116,2023-05-28,5,5,4.5,3
1117,2023-05-08,1,4,4.5,2
1118,2024-06-26,1,6,4.5,4
1119,2023-12-04,9,10,4.5,4
1120,2025-04-26,8,1,4.5,1
1121,2025-08-14,8,1,4.5,2
1122,2024-10-13,4,3,4.5,1
1123,2023-10-12,6,14,4.5,5
1124,2023-08-30,4,14,4.5,2
1125,2024-04-30,4,11,4.5,2
1126,2025-05-05,2,1,4.5,1
1127,2025-11-19,3,6,4.5,5
1128,2024-10-03,4,15,4.5,1
1129,2023-05-25,2,13,4.5,3
1130,2025-06-23,5,14,4.5,4
1131,2025-09-27,6,7,4.5,1
1132,2023-07-25,8,3,4.5,4
1133,2023-06-28,4,8,4.5,4
1134,2025-05-27,7,14,4.5,3
1135,2025-11-27,6,9,4.5,3
1136,2024-06-13,2,14,4.5,4
1137,2025-03-19,7,10,4.5,5
1138,2023-06-13,1,19,4.5,2
1139,2023-11-10,2,9,4.5,3
1140,2024-02-04,10,14,4.5,3
1141,2024-12-08,7,19,4.5,3
1142,2025-03-13,1,15,4.5,2
1143,2024-07-22,7,4,4.5,3
1144,2024-04-16,8,15,4.5,4
1145,2025-03-03,10,20,4.5,4
1146,2025-02-24,9,10,4.5,5
1147,2025-03-14,1,7,4.5,4
1148,2024-10-24,1,9,4.5,1
1149,2024-10-16,6,15,4.5,3
1150,2024-11-03,7,19,4.5,2
1151,2025-09-09,4,19,4.5,3
1152,2023-11-08,8,13,4.5,3
1153,2023-12-15,7,13,4.5,4
1154,2023-11-04,4,13,4.5,5
1155,2024-05-09,7,6,4.5,3
1156,2023-11-20,3,2,4.5,2
1157,2023-04-28,4,7,4.5,2
1158,2023-05-22,7,14,4.5,2
1159,2024-07-10,10,20,4.5,1
1160,2025-04-25,8,20,4.5,4
1161,2025-09-11,3,2,4.5,1
1162,2025-11-30,8,16,4.5,1
1163,2024-12-03,8,18,4.5,2
1164,2025-10-25,3,20,4.5,4
1165,2025-04-16,9,8,4.5,1
1166,2025-11-26,2,19,4.5,2
1167,2026-03-08,6,10,4.5,5
1168,2024-02-09,6,5,4.5,1
1169,2025-08-24,8,20,4.5,4
1170,2024-06-03,8,9,4.5,4
1171,2024-08-09,7,16,4.5,5
1172,2024-11-15,8,16,4.5,5
1173,2025-07-29,2,3,4.5,5
1174,2025-04-29,7,12,4.5,3
1175,2025-03-04,4,2,4.5,5
1176,2025-07-23,8,16,4.5,5
1177,2024-03-10,8,13,4.5,2
1178,2024-09-02,8,15,4.5,1
1179,2025-11-29,10,13,4.5,5
1180,2023-11-24,6,15,4.5,2
1181,2024-11-14,10,10,4.5,2
1182,2024-03-18,10,6,4.5,5
1183,2025-01-02,5,5,4.5,2
1184,2023-10-19,4,9,4.5,1
1185,2025-05-06,4,17,4.5,5
1186,2026-03-16,8,13,4.5,3
1187,2024-01-02,4,5,4.5,2
1188,2025-01-24,3,11,4.5,5
1189,2025-11-09,4,12,4.5,4
1190,2025-03-27,1,10,4.5,1
1191,2024-06-16,3,5,4.5,5
1192,2025-07-19,9,2,4.5,5
1193,2025-03-25,10,18,4.5,2
1194,2025-06-02,6,3,4.5,4
1195,2026-03-27,1,1,4.5,2
1196,2023-05-22,2,8,4.5,1
1197,2023-10-30,6,15,4.5,2
1198,2025-09-10,8,18,4.5,4
1199,2026-01-29,8,18,4.5,4
1200,2024-03-21,9,8,4.5,5
1201,2026-02-07,1,14,4.5,2
1202,2026-02-23,1,15,4.5,3
1203,2024-01-17,7,6,4.5,4
1204,2026-02-17,9,13,4.5,1
1205,2025-03-23,10,4,4.5,1
1206,2025-11-18,9,8,4.5,2
1207,2026-01-13,5,8,4.5,1
1208,2024-03-02,3,3,4.5,2
1209,2025-11-25,7,9,4.5,2
1210,2025-12-25,2,2,4.5,5
1211,2024-08-05,8,11,4.5,5
1212,2025-08-11,3,18,4.5,5
1213,2025-10-27,8,19,4.5,1
1214,2025-02-15,7,2,4.5,4
1215,2023-09-02,8,17,4.5,2
1216,2023-10-18,4,20,4.5,3
1217,2025-11-02,10,12,4.5,3
1218,2024-05-15,2,14,4.5,5
1219,2023-05-25,5,9,4.5,2
1220,2023-11-17,7,18,4.5,2
1221,2024-05-01,6,10,4.5,4
1222,2024-07-28,1,8,4.5,3
1223,2024-02-17,5,2,4.5,2
1224,2025-10-17,2,11,4.5,5
1225,2025-05-16,4,2,4.5,3
1226,2024-05-19,10,15,4.5,5
1227,2023-07-08,1,7,4.5,2
1228,2025-09-16,3,7,4.5,3
1229,2025-12-29,4,11,4.5,3
1230,2025-03-04,8,13,4.5,4
1231,2024-03-20,7,20,4.5,5
1232,2024-07-20,10,18,4.5,4
1233,2023-05-22,8,15,4.5,1
1234,2024-05-08,1,3,4.5,4
1235,2025-03-29,5,15,4.5,2
1236,2024-11-24,10,9,4.5,5
1237,2023-11-15,7,2,4.5,1
1238,2024-04-02,8,2,4.5,5
1239,2025-03-02,9,2,4.5,1
1240,2024-09-14,1,7,4.5,2
1241,2024-01-24,8,10,4.5,4
1242,2024-03-11,9,16,4.5,4
1243,2023-08-28,1,9,4.5,5
1244,2025-04-02,7,15,4.5,2
1245,2026-01-05,6,10,4.5,1
1246,2024-08-05,10,15,4.5,4
1247,2024-01-16,7,13,4.5,1
1248,2025-08-15,4,13,4.5,4
1249,2025-10-16,7,16,4.5,4
1250,2025-08-17,9,19,4.5,2
1251,2023-12-30,5,3,4.5,2
1252,2023-11-24,6,2,4.5,2
1253,2024-09-26,7,3,4.5,4
1254,2023-11-01,3,5,4.5,4
1255,2025-06-02,3,7,4.5,2
1256,2024-07-12,7,11,4.5,5
1257,2026-03-07,9,13,4.5,3
1258,2024-09-18,2,13,4.5,4
1259,2025-06-01,1,6,4.5,1
1260,2024-02-29,7,17,4.5,1
1261,2026-02-13,4,11,4.5,2
1262,2023-11-21,3,15,4.5,3
1263,2024-01-17,7,20,4.5,1
1264,2024-12-27,5,18,4.5,1
1265,2026-03-10,3,18,4.5,5
1266,2024-10-20,9,18,4.5,3
1267,2025-02-05,2,17,4.5,3
1268,2024-12-01,2,3,4.5,2
1269,2026-03-16,6,9,4.5,2
1270,2026-01-29,10,11,4.5,3
1271,2024-04-05,3,4,4.5,1
1272,2025-05-29,6,17,4.5,5
1273,2023-10-11,5,15,4.5,3
1274,2024-03-01,8,13,4.5,1
1275,2024-01-05,8,2,4.5,5
1276,2025-11-13,3,2,4.5,3
1277,2023-08-03,2,14,4.5,2
1278,2023-04-19,5,19,4.5,1
1279,2024-05-30,7,4,4.5,5
1280,2024-05-07,9,16,4.5,2
1281,2024-12-21,2,9,4.5,5
1282,2023-08-05,6,4,4.5,4
1283,2023-10-02,2,17,4.5,2
1284,2024-04-07,6,11,4.5,1
1285,2025-04-13,1,1,4.5,2
1286,2024-07-03,9,17,4.5,2
1287,2023-12-20,7,4,4.5,5
1288,2023-11-24,3,6,4.5,3
1289,2025-03-08,3,4,4.5,5
1290,2025-02-19,9,9,4.5,4
1291,2025-11-03,9,3,4.5,3
1292,2023-11-18,5,8,4.5,2
1293,2025-06-09,5,2,4.5,4
1294,2023-09-16,4,7,4.5,2
1295,2025-06-17,6,4,4.5,5
1296,2024-07-31,8,8,4.5,4
1297,2024-10-17,4,7,4.5,5
1298,2024-10-12,1,1,4.5,1
1299,2023-04-10,2,16,4.5,3
1300,2026-02-05,2,6,4.5,5
1301,2025-02-21,1,16,4.5,4
1302,2026-01-23,3,10,4.5,5
1303,2024-04-04,7,17,4.5,1
1304,2024-12-15,7,10,4.5,4
1305,2025-03-29,4,17,4.5,2
1306,2023-07-05,9,6,4.5,2
1307,2023-06-27,10,5,4.5,3
1308,2025-01-13,9,1,4.5,4
1309,2026-03-27,9,18,4.5,3
1310,2026-01-21,2,8,4.5,4
1311,2023-09-24,2,19,4.5,3
1312,2025-06-13,8,14,4.5,1
1313,2023-05-11,8,12,4.5,4
1314,2026-03-19,8,11,4.5,2
1315,2023-09-22,6,4,4.5,4
1316,2024-07-26,8,18,4.5,1
1317,2024-05-02,3,13,4.5,4
1318,2026-02-24,6,17,4.5,5
1319,2023-10-21,7,8,4.5,3
1320,2024-04-10,10,11,4.5,3
1321,2025-05-16,7,3,4.5,2
1322,2025-03-31,2,7,4.5,4
1323,2025-12-01,6,11,4.5,3
1324,2024-07-25,1,9,4.5,4
1325,2026-03-03,8,2,4.5,4
1326,2024-03-06,6,9,4.5,4
1327,2024-07-02,4,9,4.5,4
1328,2023-12-11,4,17,4.5,5
1329,2023-11-10,7,12,4.5,1
1330,2023-09-24,5,10,4.5,2
1331,2024-11-16,6,5,4.5,4
1332,2023-12-24,9,10,4.5,4
1333,2024-03-13,8,4,4.5,3
1334,2024-11-04,10,16,4.5,2
1335,2023-08-21,6,13,4.5,2
1336,2024-06-27,1,16,4.5,5
1337,2023-05-07,8,14,4.5,5
1338,2023-06-10,10,4,4.5,1
1339,2024-06-14,2,9,4.5,1
1340,2025-03-09,9,3,4.5,5
1341,2025-05-12,2,8,4.5,2
1342,2026-02-04,8,12,4.5,5
1343,2024-02-23,6,16,4.5,4
1344,2024-06-08,4,11,4.5,3
1345,2023-10-24,5,18,4.5,3
1346,2023-10-03,8,2,4.5,1
1347,2024-08-29,4,17,4.5,3
1348,2026-02-10,3,13,4.5,4
1349,2023-09-30,9,7,4.5,2
1350,2026-03-01,5,8,4.5,5
1351,2023-05-17,1,19,4.5,3
1352,2023-09-23,4,18,4.5,5
1353,2025-08-19,4,15,4.5,2
1354,2025-01-07,2,11,4.5,1
1355,2025-08-23,8,20,4.5,2
1356,2025-09-11,10,20,4.5,3
1357,2025-01-17,6,20,4.5,4
1358,2025-06-18,3,7,4.5,4
1359,2024-11-16,1,19,4.5,5
1360,2025-02-28,3,19,4.5,5
1361,2025-02-15,7,13,4.5,1
1362,2025-11-30,10,15,4.5,5
1363,2024-05-22,7,12,4.5,5
1364,2023-07-08,8,12,4.5,2
1365,2024-01-14,2,13,4.5,4
1366,2025-09-18,4,5,4.5,1
1367,2025-08-18,7,2,4.5,2
1368,2024-12-26,2,20,4.5,5
1369,2024-07-16,7,8,4.5,3
1370,2023-08-27,6,1,4.5,3
1371,2023-10-08,6,17,4.5,3
1372,2026-03-11,5,19,4.5,4
1373,2025-12-18,5,2,4.5,3
1374,2025-12-08,6,6,4.5,3
1375,2024-05-20,10,17,4.5,3
1376,2024-04-02,6,10,4.5,3
1377,2024-06-01,7,13,4.5,2
1378,2026-02-24,8,4,4.5,4
1379,2024-05-17,3,10,4.5,5
1380,2024-10-02,9,12,4.5,5
1381,2024-02-22,2,13,4.5,5
1382,2024-10-28,8,14,4.5,3
1383,2025-07-27,1,9,4.5,4
1384,2024-09-26,4,18,4.5,1
1385,2024-08-12,8,2,4.5,5
1386,2025-06-20,5,17,4.5,3
1387,2024-03-05,5,6,4.5,4
1388,2025-06-03,7,1,4.5,4
1389,2025-09-27,3,12,4.5,4
1390,2026-03-15,9,17,4.5,5
1391,2024-04-19,2,8,4.5,3
1392,2025-09-03,2,9,4.5,2
1393,2023-07-16,3,15,4.5,1
1394,2024-10-13,9,2,4.5,3
1395,2025-11-18,10,16,4.5,5
1396,2023-09-19,6,11,4.5,3
1397,2024-02-07,10,12,4.5,4
1398,2024-06-14,6,1,4.5,2
1399,2025-07-16,1,6,4.5,5
1400,2025-05-14,10,6,4.5,2
1401,2024-02-27,4,10,4.5,2
1402,2023-04-28,7,19,4.5,1
1403,2025-10-10,10,12,4.5,3
1404,2025-05-02,7,2,4.5,1
1405,2023-09-18,8,9,4.5,3
1406,2025-12-26,4,5,4.5,4
1407,2024-05-03,9,20,4.5,2
1408,2023-09-14,7,15,4.5,5
1409,2024-03-11,5,4,4.5,5
1410,2023-11-26,6,12,4.5,2
1411,2026-01-04,7,16,4.5,1
1412,2023-09-10,7,6,4.5,1
1413,2025-01-09,1,7,4.5,2
1414,2026-03-17,7,4,4.5,2
1415,2025-03-27,9,3,4.5,2
1416,2025-08-10,8,20,4.5,3
1417,2025-03-20,5,13,4.5,4
1418,2023-06-12,10,14,4.5,5
1419,2023-07-20,4,9,4.5,5
1420,2025-07-26,4,18,4.5,2
1421,2025-11-12,3,2,4.5,4
1422,2023-07-14,9,2,4.5,2
1423,2025-10-06,7,2,4.5,1
1424,2024-10-26,5,14,4.5,1
1425,2023-08-29,9,11,4.5,1
1426,2024-03-27,7,18,4.5,5
1427,2025-06-15,2,19,4.5,3
1428,2025-09-22,8,15,4.5,5
1429,2025-04-30,10,13,4.5,2
1430,2024-04-08,1,12,4.5,4
1431,2024-03-27,10,6,4.5,3
1432,2023-08-30,8,13,4.5,1
1433,2023-10-06,1,10,4.5,4
1434,2024-02-02,9,4,4.5,5
1435,2025-07-13,7,3,4.5,3
1436,2024-11-06,1,16,4.5,3
1437,2023-06-27,10,4,4.5,4
1438,2024-07-26,3,20,4.5,3
1439,2023-07-20,6,13,4.5,5
1440,2023-09-14,2,10,4.5,2
1441,2023-09-07,9,11,4.5,2
1442,2024-07-11,1,15,4.5,2
1443,2024-04-13,5,13,4.5,3
1444,2024-09-07,3,17,4.5,5
1445,2024-04-28,1,10,4.5,4
1446,2025-08-25,8,16,4.5,2
1447,2023-06-18,9,19,4.5,5
1448,2023-12-29,5,8,4.5,4
1449,2026-03-14,1,3,4.5,4
1450,2025-06-08,4,10,4.5,3
1451,2025-06-30,6,8,4.5,3
1452,2024-11-26,8,8,4.5,4
1453,2025-07-14,1,5,4.5,2
1454,2025-11-06,7,13,4.5,4
1455,2024-07-18,3,20,4.5,3
1456,2023-07-09,3,19,4.5,4
1457,2024-03-14,7,20,4.5,5
1458,2024-06-08,7,13,4.5,5
1459,2025-06-16,2,5,4.5,1
1460,2025-05-20,7,18,4.5,2
1461,2024-05-30,2,3,4.5,1
1462,2025-02-08,6,19,4.5,4
1463,2026-02-11,9,4,4.5,3
1464,2025-12-19,2,20,4.5,5
1465,2025-11-09,3,2,4.5,5
1466,2025-08-19,7,17,4.5,3
1467,2025-10-08,9,15,4.5,3
1468,2023-11-17,9,18,4.5,2
1469,2023-08-05,8,18,4.5,1
1470,2023-12-10,9,7,4.5,1
1471,2024-05-31,4,19,4.5,4
1472,2024-04-02,10,1,4.5,2
1473,2025-10-23,6,18,4.5,1
1474,2023-08-30,10,15,4.5,5
1475,2025-05-08,3,8,4.5,3
1476,2025-12-14,2,7,4.5,2
1477,2025-05-09,7,9,4.5,3
1478,2025-07-18,4,15,4.5,1
1479,2025-03-31,3,18,4.5,2
1480,2023-07-27,4,5,4.5,1
1481,2025-03-30,1,10,4.5,3
1482,2024-04-01,3,3,4.5,1
1483,2025-12-01,2,19,4.5,4
1484,2024-10-16,5,15,4.5,2
1485,2023-10-20,3,3,4.5,5
1486,2025-10-19,5,9,4.5,2
1487,2024-01-27,4,5,4.5,4
1488,2025-07-08,1,4,4.5,2
1489,2026-02-09,8,10,4.5,1
1490,2023-05-29,2,1,4.5,2
1491,2024-07-28,3,10,4.5,5
1492,2024-12-23,2,5,4.5,3
1493,2024-04-21,9,3,4.5,5
1494,2023-12-27,8,19,4.5,4
1495,2024-08-19,2,10,4.5,2
1496,2023-08-16,5,16,4.5,2
1497,2025-01-29,10,11,4.5,1
1498,2025-03-09,9,14,4.5,5
1499,2025-04-26,9,10,4.5,2
1500,2025-07-07,10,8,4.5,1
1501,2026-03-21,3,4,4.5,5
1502,2024-07-19,4,16,4.5,4
1503,2024-06-12,9,8,4.5,5
1504,2025-02-01,2,1,4.5,4
1505,2024-04-01,8,17,4.5,3
1506,2026-01-02,8,2,4.5,2
1507,2025-04-08,8,17,4.5,4
1508,2023-10-05,4,12,4.5,4
1509,2025-07-31,7,18,4.5,1
1510,2024-05-23,9,5,4.5,1
1511,2025-08-05,7,16,4.5,1
1512,2025-11-04,3,15,4.5,5
1513,2023-04-13,8,16,4.5,3
1514,2025-10-11,2,7,4.5,4
1515,2025-07-10,9,3,4.5,5
1516,2025-04-09,5,9,4.5,1
1517,2025-02-11,8,6,4.5,5
1518,2023-12-04,8,9,4.5,2
1519,2023-07-18,2,18,4.5,4
1520,2023-08-23,2,6,4.5,3
1521,2024-10-26,6,6,4.5,2
1522,2023-10-10,4,3,4.5,3
1523,2024-03-25,9,7,4.5,5
1524,2024-07-02,9,17,4.5,1
1525,2024-12-26,2,13,4.5,4
1526,2026-03-01,1,11,4.5,1
1527,2024-10-10,4,18,4.5,1
1528,2023-04-05,1,2,4.5,3
1529,2024-05-15,5,5,4.5,3
1530,2024-12-15,9,12,4.5,5
1531,2023-04-11,8,12,4.5,4
1532,2023-04-08,5,1,4.5,3
1533,2023-04-06,6,19,4.5,5
1534,2024-01-20,2,7,4.5,5
1535,2026-01-30,2,3,4.5,1
1536,2025-06-10,10,13,4.5,4
1537,2025-12-20,6,3,4.5,2
1538,2023-04-18,5,14,4.5,3
1539,2023-04-17,7,5,4.5,1
1540,2024-11-14,7,3,4.5,5
1541,2026-03-13,3,14,4.5,1
1542,2025-04-25,2,5,4.5,3
1543,2025-02-23,7,7,4.5,5
1544,2023-11-05,2,8,4.5,4
1545,2025-09-24,6,16,4.5,4
1546,2024-02-09,5,3,4.5,1
1547,2024-02-09,4,14,4.5,3
1548,2024-11-18,7,16,4.5,2
1549,2023-05-04,8,4,4.5,1
1550,2026-01-12,8,14,4.5,3
1551,2023-12-15,8,16,4.5,4
1552,2025-02-22,10,9,4.5,5
1553,2023-05-23,9,6,4.5,2
1554,2025-10-27,1,11,4.5,4
1555,2024-07-04,4,15,4.5,1
1556,2023-12-17,10,2,4.5,5
1557,2023-04-07,10,15,4.5,4
1558,2023-10-19,7,11,4.5,3
1559,2024-11-18,5,9,4.5,3
1560,2026-02-23,1,6,4.5,2
1561,2024-05-08,6,17,4.5,1
1562,2025-04-10,10,16,4.5,3
1563,2026-01-19,4,6,4.5,4
1564,2024-05-07,1,7,4.5,5
1565,2025-09-05,1,12,4.5,3
1566,2023-09-14,10,4,4.5,1
1567,2024-08-18,10,15,4.5,1
1568,2023-12-28,10,19,4.5,3
1569,2025-06-30,3,4,4.5,5
1570,2023-04-14,2,16,4.5,3
1571,2023-09-29,5,15,4.5,2
1572,2026-03-21,1,14,4.5,4
1573,2025-02-13,7,2,4.5,3
1574,2023-11-09,7,4,4.5,4
1575,2024-05-09,7,11,4.5,1
1576,2025-08-09,7,15,4.5,5
1577,2025-10-05,1,7,4.5,4
1578,2024-07-15,9,18,4.5,2
1579,2023-06-02,8,1,4.5,5
1580,2024-06-03,1,6,4.5,5
1581,2025-06-10,7,17,4.5,4
1582,2025-09-17,4,9,4.5,5
1583,2023-09-13,6,15,4.5,3
1584,2024-03-29,3,16,4.5,2
1585,2024-12-11,3,18,4.5,4
1586,2026-03-31,3,8,4.5,2
1587,2023-08-23,3,6,4.5,5
1588,2024-05-18,9,2,4.5,3
1589,2024-12-01,5,4,4.5,4
1590,2024-01-02,6,1,4.5,5
1591,2024-10-23,6,20,4.5,4
1592,2024-10-26,9,9,4.5,3
1593,2025-04-12,5,8,4.5,2
1594,2024-03-27,8,6,4.5,1
1595,2024-05-11,8,13,4.5,3
1596,2025-09-19,8,16,4.5,1
1597,2023-06-11,3,15,4.5,4
1598,2025-10-19,7,6,4.5,4
1599,2026-01-31,4,7,4.5,3
1600,2024-09-13,4,20,4.5,4
1601,2024-11-10,2,7,4.5,2
1602,2024-03-01,9,4,4.5,2
1603,2023-05-27,9,12,4.5,5
1604,2024-04-10,4,10,4.5,5
1605,2023-06-12,6,5,4.5,5
1606,2023-04-27,1,10,4.5,2
1607,2025-02-13,2,2,4.5,4
1608,2024-06-06,2,18,4.5,5
1609,2024-02-07,7,5,4.5,5
1610,2025-04-15,8,2,4.5,1
1611,2024-03-28,7,12,4.5,3
1612,2024-01-08,3,9,4.5,1
1613,2024-05-29,9,18,4.5,3
1614,2025-12-04,3,9,4.5,4
1615,2024-08-09,8,15,4.5,4
1616,2024-06-03,10,19,4.5,4
1617,2024-05-22,4,16,4.5,3
1618,2023-10-09,6,4,4.5,2
1619,2023-04-08,5,17,4.5,2
1620,2025-04-29,3,11,4.5,5
